,,,,,,,,,,,,,,,,,
,,,,,,,,,,,,,,,,,
,,,,,,,,,,,,,,,,,
,Student ID,CSE451 CH:3,CSE452 CH:1,CSE453 CH:3,CSE454 CH:1,CSE455 CH:3,CSE456 CH:1,CSE457 CH:3,CSE458 CH:1,CSE465 CH:3,CSE466 CH:1,CSE488 CH:3,CSE489 CH:1,Credit Offered,Credit Secured,Point Secured,GPA,Incomp.
,20CSE001,A,A+,A-,A,A,B-,A+,A+,B,A-,B+,A+,24,24,85.75,3.573,
,20CSE002,A-,A,A-,B-,A+,B,A,C+,B+,C+,B,A-,24,24,81.0,3.375,
,20CSE003,A+,A+,A-,A,A,B-,A,C+,B+,C+,B,A+,24,24,83.25,3.469,
,20CSE004,B,C,F,C,B,B,B,B-,B-,C+,B-,A-,24,21,59.75,2.490,CSE453
,20CSE005,A-,A+,B-,A-,B+,B,A,A,B,A-,B-,A+,24,24,78.75,3.281,
,20CSE007,A-,B,C+,B-,A,B,B,A+,B-,B+,B+,A-,24,24,75.75,3.156,
,20CSE008,A+,A+,A+,B+,A+,A,A+,A+,A+,A,A+,A+,24,24,94.75,3.948,
,20CSE010,A+,A+,B+,B+,A-,B-,A-,A,A-,B+,A+,A+,24,24,86.25,3.594,
,20CSE011,C+,F,D,D,B-,C,D,D,F,C+,B-,A-,24,20,48.25,2.010,"CSE452, CSE465"
,20CSE014,B+,A,F,F,B,C,C,C+,C+,C+,B+,A+,24,20,57.75,2.406,"CSE453, CSE454"
,20CSE015,C,A+,F,D,D,C,C+,B+,D,C+,D,B,24,21,49.25,2.052,CSE453
,20CSE016,A+,A+,B+,A,A,B+,A-,A+,B+,A,A+,A+,24,24,88.0,3.667,
,20CSE018,D,B,F,D,B,C,C+,C,B-,B+,B+,A-,24,21,56.75,2.365,CSE453
,20CSE019,F,A-,B-,D,C+,B,F,A,C,C+,B+,A-,24,18,50.5,2.104,"CSE451, CSE457"
,20CSE020,C+,A,C,D,B-,C,B-,B-,D,C+,B,C+,24,24,61.5,2.563,
,20CSE022,A+,A+,C+,C,A,C+,A,C+,A-,A-,A,A+,24,24,82.5,3.438,
,20CSE023,D,F,D,D,C,C,D,D,F,C+,C+,B,24,20,44.0,1.833,"CSE452, CSE465"
,20CSE024,C,A-,C,F,B-,B+,B,C+,F,C+,C+,A-,24,20,53.5,2.229,"CSE454, CSE465"
,20CSE025,A,A+,B+,B-,A,C+,A+,A+,B-,B+,B+,A-,24,24,82.25,3.427,
,20CSE026,A-,A+,C+,B+,B,C+,A-,A+,B-,C+,A+,A+,24,24,78.0,3.250,
,20CSE028,B-,A,B,C,A-,C+,A-,A+,B,C+,A-,A+,24,24,76.75,3.198,
,20CSE029,C+,A+,C,C,C,C+,B-,B,C,C+,B-,B,24,24,61.5,2.563,
,20CSE031,C+,A-,D,D,A-,C,D,B-,C+,C+,A+,A+,24,24,66.5,2.771,
,20CSE032,C,A+,B-,D,B+,C,C+,B,C+,C+,A,A-,24,24,68.25,2.844,
,20CSE033,B,A+,B,A-,B+,B,B,A+,B-,C+,B+,B,24,24,74.75,3.115,
,20CSE034,C+,A,D,F,D,C,B,C+,C,C+,C+,B,24,23,56.75,2.365,CSE454
,20CSE035,A-,A-,C,F,B,B+,A-,B,B,C+,B,B+,24,23,70.25,2.927,CSE454
,20CSE036,A,A+,A,A,A+,B+,A+,A+,B+,B+,A+,A-,24,24,90.0,3.750,
,20CSE037,A-,A+,B-,C,A-,B,B+,B+,B+,A-,A+,A-,24,24,80.25,3.344,
,20CSE039,B,A,B,C+,A+,A,B+,B,B+,A-,A+,C+,24,24,80.5,3.354,
,19CSE007,A,A+,C,A,B+,B,A-,A+,B,B+,A-,A+,24,24,79.75,3.323,
,18CSE050,C,A,F,F,B,C,C+,B,B-,C,C+,B,24,20,53.25,2.219,"CSE453, CSE454"
