ID,Name,,,,,,,,,,
20CSE001,Md. Al-Amin Hossain,,,,,,,,,,
20CSE002,Md. Shihab Uddin,,,,,,,,,,
20CSE003,Md. Zahid Hasan,,,,,,,,,,
20CSE004,Md. Amir Hamza Anik,,,,,,,,,,
20CSE005,Hashanuz Zaman,,,,,,,,,,
20CSE007,M.A. Forhad Aziz,,,,,,,,,,
20CSE008,Afrin Jahan,,,,,,,,,,
20CSE010,Mohammad Nirmour Hossain,,,,,,,,,,
20CSE011,Md. Masum Rana,,,,,,,,,,
20CSE014,Arnab Chakraborty,,,,,,,,,,
20CSE015,Md. Jahidul Islam,,,,,,,,,,
20CSE016,Bondhon Das,,,,,,,,,,
20CSE018,Md. Sayem Uddin Musa,,,,,,,,,,
20CSE019,Md. Minhajul Abedin,,,,,,,,,,
20CSE020,Md. Al Amin,,,,,,,,,,
20CSE022,Yeasin Arafat Roni,,,,,,,,,,
20CSE023,Ujjwal Hira,,,,,,,,,,
20CSE024,Utpal Mohanta,,,,,,,,,,
20CSE025,Md. Akash Sheikh,,,,,,,,,,
20CSE026,Md. Al Imran,,,,,,,,,,
20CSE028,Md. Jobae?r Hossain,,,,,,,,,,
20CSE029,Md. Anamul Haque,,,,,,,,,,
20CSE031,Abdullah Al Loman,,,,,,,,,,
20CSE032,Asadul Alam Abir,,,,,,,,,,
20CSE033,Md. Sahadat Hossain,,,,,,,,,,
20CSE034,Md. Ismile Hosen Siam,,,,,,,,,,
20CSE035,Md. Habibullah Jilani,,,,,,,,,,
20CSE036,Iftaker Siddique,,,,,,,,,,
20CSE037,Jahid Hasan,,,,,,,,,,
20CSE038,S.M Atahar Hossain Shohag,,,,,,,,,,
20CSE039,Minhazul Hasnain Reza,,,,,,,,,,
19CSE007,Md. Mahfuzur Rahman,,,,,,,,,,
18CSE050,Md. Manik Gazi,,,,,,,,,,
,,,,,,,,,,,
,,,,,,,,,,,
,,,,,,,,,,,
,,,,,,,,,,,
,,,,,,,,,,,
,,,,,,,,,,,
,,,,,,,,,,,
,,,,,,,,,,,
,,,,,,,,,,,
,,,,,,,,,,,
,,,,,,,,,,,
,,,,,,,,,,,
,,,,,,,,,,,
,,,,,,,,,,,
,,,,,,,,,,,
,,,,,,,,,,,
,,,,,,,,,,,
,,,,,,,,,,,
,,,,,,,,,,CGPA,Name
,,,,,,,,,,,
,,,,,,,,,23.629,3.376,Md. Al-Amin Hossain
,,,,,,,,,,,
,,,,,,,,,22.867,3.267,Md. Shihab Uddin
,,,,,,,,,,,
,,,,,,,,,20.219,2.888,Md. Zahid Hasan
,,,,,,,,,,,
,,,,,,,,,17.761,2.537,Md. Amir Hamza Anik
,,,,,,,,,,,
,,,,,,,,,22.439,3.206,Hashanuz Zaman
,,,,,,,,,,,
,,,,,,,,,24.155,3.451,M.A Forhad Aziz
,,,,,,,,,,,
,,,,,,,,,27.242,3.892,Afrin Jahan
,,,,,,,,,,,
,,,,,,,,,25.418,3.631,Moha. Nimoor Hossain
,,,,,,,,,,,
,,,,,,,,,18.447,2.635,Md. Masum Rana
,,,,,,,,,,,
,,,,,,,,,20.769,2.967,Arnab Chakraborty
,,,,,,,,,,,
,,,,,,,,,21.461,3.066,Md. Jahidul Islam
,,,,,,,,,,,
,,,,,,,,,24.912,3.559,Bondhon Das
,,,,,,,,,,,
,,,,,,,,,17.744,2.535,Md. Sayem Uddin Musa
,,,,,,,,,,,
,,,,,,,,,15.772,2.253,Md. Minhajul Abedin
,,,,,,,,,,,
,,,,,,,,,21.082,3.012,Md. Al Amin
,,,,,,,,,,,
,,,,,,,,,21.839,3.12,Yeasin Arafat Roni
,,,,,,,,,,,
,,,,,,,,,19.863,2.838,Ujjwal Hira
,,,,,,,,,,,
,,,,,,,,,20.235,2.891,Utpal Mohanta
,,,,,,,,,,,
,,,,,,,,,24.148,3.45,Md. Akash Sheikh
,,,,,,,,,,,
,,,,,,,,,17.873,2.553,Md. Al Imran
,,,,,,,,,,,
,,,,,,,,,23.014,3.288,Md. Jobear Hossain
,,,,,,,,,,,
,,,,,,,,,20.33,2.904,Md. Anamul Haque
,,,,,,,,,,,
,,,,,,,,,17.88,2.554,Abdullah Al Loman
,,,,,,,,,,,
,,,,,,,,,17.831,2.547,Asadul Alam Abir
,,,,,,,,,,,
,,,,,,,,,19.633,2.805,Md. Sahadat Hossain
,,,,,,,,,,,
,,,,,,,,,18.543,2.649,Md. Ismile Hosen Sian
,,,,,,,,,,,
,,,,,,,,,20.589,2.941,Md. Habibullah Jilani
,,,,,,,,,,,
,,,,,,,,,25.918,3.703,Iftaker Siddique
,,,,,,,,,,,
,,,,,,,,,23.619,3.374,Jahid Hasan
,,,,,,,,,,,
,,,,,,,,,12.927,1.847,S.M Atahar Hossain Shohag
,,,,,,,,,,,
,,,,,,,,,22.98,3.283,Minhaz Reza
,,,,,,,,,,,
,,,,,,,,,23.384,3.341,Md. Mahfuzur Rahman
,,,,,,,,,,,
,,,,,,,,,19.008,2.715,Md. Manik Gazi
